{"cameraMode":{"drawMode":0,"name":"Shaded","section":"Shading Mode"},"sceneLighting":false,"audioPlay":false,"sceneViewState":{"showFog":true,"showMaterialUpdate":false,"showSkybox":false,"showFlares":true,"showImageEffects":true,"showParticleSystems":true},"in2DMode":false,"pivot":{"x":19.30481719970703,"y":0.8686367869377136,"z":28.174999237060548},"rotation":{"x":-0.01115933246910572,"y":0.2972337305545807,"z":0.003483037231490016,"w":0.9547460675239563},"size":35.47898483276367,"orthographic":false}