{"cameraMode":{"drawMode":0,"name":"Shaded","section":"Shading Mode"},"sceneLighting":true,"audioPlay":false,"sceneViewState":{"showFog":true,"showMaterialUpdate":false,"showSkybox":true,"showFlares":true,"showImageEffects":true,"showParticleSystems":true},"in2DMode":false,"pivot":{"x":34.886810302734378,"y":-19.979007720947267,"z":-97.5816879272461},"rotation":{"x":-0.21432138979434968,"y":-0.508719265460968,"z":-0.13246186077594758,"w":0.8232657313346863},"size":16.00075912475586,"orthographic":false}