{"cameraMode":{"drawMode":0,"name":"Shaded","section":"Shading Mode"},"sceneLighting":false,"audioPlay":false,"sceneViewState":{"showFog":true,"showMaterialUpdate":false,"showSkybox":false,"showFlares":true,"showImageEffects":true,"showParticleSystems":true},"in2DMode":false,"pivot":{"x":0.06301543116569519,"y":-0.018064111471176149,"z":-0.04318295419216156},"rotation":{"x":-0.01115933246910572,"y":0.2972337305545807,"z":0.003483037231490016,"w":0.9547460675239563},"size":0.4052686095237732,"orthographic":false}