{"cameraMode":{"drawMode":0,"name":"Shaded","section":"Shading Mode"},"sceneLighting":false,"audioPlay":false,"sceneViewState":{"showFog":true,"showMaterialUpdate":false,"showSkybox":false,"showFlares":true,"showImageEffects":true,"showParticleSystems":true},"in2DMode":false,"pivot":{"x":28.434125900268556,"y":1.0714950561523438,"z":20.344436645507814},"rotation":{"x":-0.011721516028046608,"y":0.4580252170562744,"z":0.006048657465726137,"w":0.8888547420501709},"size":35.695396423339847,"orthographic":false}