{"cameraMode":{"drawMode":0,"name":"Shaded","section":"Shading Mode"},"sceneLighting":false,"audioPlay":false,"sceneViewState":{"showFog":true,"showMaterialUpdate":false,"showSkybox":false,"showFlares":true,"showImageEffects":true,"showParticleSystems":true},"in2DMode":false,"pivot":{"x":1.3314990997314454,"y":2.8040671348571779,"z":3.324873685836792},"rotation":{"x":0.14579477906227113,"y":-0.5818363428115845,"z":0.10694893449544907,"w":0.7929922938346863},"size":0.8573651909828186,"orthographic":false}