{"cameraMode":{"drawMode":0,"name":"Shaded","section":"Shading Mode"},"sceneLighting":false,"audioPlay":false,"sceneViewState":{"showFog":true,"showMaterialUpdate":false,"showSkybox":false,"showFlares":true,"showImageEffects":true,"showParticleSystems":true},"in2DMode":false,"pivot":{"x":2.437999963760376,"y":9.67199993133545,"z":-0.5429999828338623},"rotation":{"x":0.17155976593494416,"y":0.06643982976675034,"z":-0.011596583761274815,"w":0.9828653931617737},"size":0.571587324142456,"orthographic":false}